,detection level,no of samples in training,Lasso mean,Lasso std,Decision Tree mean,Decision Tree std,Random Forest mean,Random Forest std,OLS mean,OLS std,Neural Network mean,Neural Network std
0,-1.6094379124341003,365,-1.6724050221318594,0.1054206498406807,-1.6926158253270929,0.24166847108074238,-1.6303451053203477,0.38002235487683134,-1.6806825228698727,0.13623320228730884,-1.6831049048028464,0.1267704758372988
0,-2.659260036932778,275,-1.6547748545946033,0.12152230998155872,-1.7221462066883337,0.2432537823880579,-1.6661755127941205,0.34621416001125,-1.6660337194458381,0.12876836364575064,-1.6553735113478028,0.13550368325609974
0,-2.3025850929940455,265,-1.6696301115105388,0.11008627967608617,-1.7229879000480768,0.3050255849322793,-1.6965916372324155,0.3972420215670862,-1.6879236622044627,0.11905785120476452,-1.679660965312063,0.1274998080756802
0,-1.2039728043259361,183,-1.6478680763474922,0.09669422851048662,-1.628366854462977,0.366173443967222,-1.689521778962362,0.30666930887068106,-1.6450998948643782,0.1363408799251276,-1.6410357296430607,0.12056645181004681
0,-0.916290731874155,81,-1.6276731756614289,0.0858472268670003,-1.631057353045773,0.2299162572583562,-1.6575327829813227,0.5226136778207658,-1.642867772330574,0.10974070021921857,-1.6234920962652388,0.12303148334697894
0,-0.6931471805599453,55,-1.6359715693461037,0.10996349671681353,-1.6198132520532074,0.24467262138127177,-1.635202281525032,0.3522064835083679,-1.6601885980292046,0.11561263813605395,-1.6450107090176713,0.1247947008785703
0,-0.5108256237659907,34,-1.629633003490328,0.12092864944867938,-1.6844619178570233,0.2654021292374197,-1.681279034985417,0.3794369435338173,-1.6062062521534897,0.1693984343470564,-1.620585866305914,0.12919579871993264
0,-0.2231435513142097,16,-1.6205050478552316,0.10106260935100934,-1.4505800314097623,0.37962875483311814,-1.5916073192647906,0.45203471250051747,-1.6147979301111601,0.08274319736389399,-1.5915796030297962,0.11204447361907326
