,Logistic Regression,Stepwise Logistic Regression 3,Stepwise Logistic Regression,XGBOOST,Random Forest,NN,KNN-5,Lasso,LDA,SVM Linear,SVM Poly,SVM RBF,Naive Bayes
0,99.29411764705883,99.29411764705883,99.29411764705883,99.29411764705883,99.29411764705883,98.82352941176471,99.29411764705883,0.7058823529411765,99.29411764705883,0.7058823529411765,0.7058823529411765,0.7058823529411765,8.470588235294118
